Table Name,Row Count,Table Name,Row Count,
ohlc_220422,91494,ohlc_220422,91494,0
ohlc_220425,95476,ohlc_220425,95476,0
ohlc_220426,75735,ohlc_220426,75735,0
ohlc_220427,75913,ohlc_220427,75913,0
ohlc_220428,69405,ohlc_220428,69405,0
ohlc_220429,83125,ohlc_220429,83125,0
ohlc_220502,92175,ohlc_220502,92175,0
ohlc_220503,60130,ohlc_220503,60130,0
ohlc_220504,76665,ohlc_220504,76665,0
ohlc_220505,73500,ohlc_220505,73500,0
ohlc_220506,82859,ohlc_220506,82859,0
ohlc_220509,90978,ohlc_220509,90978,0
ohlc_220510,78004,ohlc_220510,78004,0
ohlc_220511,78822,ohlc_220511,78822,0
ohlc_220512,76533,ohlc_220512,76533,0
ohlc_220513,79786,ohlc_220513,79786,0
ohlc_220516,72150,ohlc_220516,72150,0
ohlc_220517,72024,ohlc_220517,72024,0
ohlc_220518,88298,ohlc_220518,88298,0
ohlc_220519,75569,ohlc_220519,75569,0
ohlc_220520,91870,ohlc_220520,91870,0
ohlc_220523,80843,ohlc_220523,80843,0
ohlc_220524,77199,ohlc_220524,77199,0
ohlc_220525,76156,ohlc_220525,76156,0
ohlc_220526,81218,ohlc_220526,81218,0
ohlc_220527,79460,ohlc_220527,79460,0
ohlc_220531,80138,ohlc_220531,80138,0
ohlc_220601,78702,ohlc_220601,78702,0
ohlc_220602,68038,ohlc_220602,68038,0
ohlc_220603,72760,ohlc_220603,72760,0
ohlc_220606,68990,ohlc_220606,68990,0
ohlc_220607,70432,ohlc_220607,70432,0
ohlc_220608,68117,ohlc_220608,68117,0
ohlc_220609,75212,ohlc_220609,75212,0
ohlc_220610,94466,ohlc_220610,94466,0
ohlc_220613,100814,ohlc_220613,100814,0
ohlc_220614,80136,ohlc_220614,80136,0
ohlc_220615,83344,ohlc_220615,83344,0
ohlc_220616,84086,ohlc_220616,84086,0
ohlc_220617,77682,ohlc_220617,77682,0
ohlc_220621,73644,ohlc_220621,73644,0
ohlc_220622,74746,ohlc_220622,74746,0
ohlc_220623,68418,ohlc_220623,68418,0
ohlc_220624,80942,ohlc_220624,80942,0
ohlc_220627,71284,ohlc_220627,71284,0
ohlc_220628,87654,ohlc_220628,87654,0
ohlc_220629,69410,ohlc_220629,69410,0
ohlc_220630,86799,ohlc_220630,86799,0
ohlc_220701,73102,ohlc_220701,73102,0
ohlc_220705,80375,ohlc_220705,80375,0
ohlc_220706,73307,ohlc_220706,73307,0
ohlc_220707,66654,ohlc_220707,66654,0
ohlc_220708,67808,ohlc_220708,67808,0
ohlc_220711,69053,ohlc_220711,69053,0
ohlc_220712,65469,ohlc_220712,65469,0
ohlc_220713,78771,ohlc_220713,78771,0
ohlc_220714,78210,ohlc_220714,78210,0
ohlc_220715,73707,ohlc_220715,73707,0
ohlc_220718,79195,ohlc_220718,79195,0
ohlc_220719,83900,ohlc_220719,83900,0
ohlc_220720,83511,ohlc_220720,83511,0
ohlc_220721,74291,ohlc_220721,74291,0
ohlc_220722,75642,ohlc_220722,75642,0
ohlc_220725,66818,ohlc_220725,66818,0
ohlc_220726,63901,ohlc_220726,63901,0
ohlc_220727,79857,ohlc_220727,79857,0
ohlc_220728,83057,ohlc_220728,83057,0
ohlc_220729,77400,ohlc_220729,77400,0
ohlc_220801,74504,ohlc_220801,74504,0
ohlc_220802,74508,ohlc_220802,74508,0
ohlc_220803,77794,ohlc_220803,77794,0
ohlc_220804,60531,ohlc_220804,60531,0
ohlc_220805,72818,ohlc_220805,72818,0
ohlc_220808,73836,ohlc_220808,73836,0
ohlc_220809,60543,ohlc_220809,60543,0
ohlc_220810,77540,ohlc_220810,77540,0
ohlc_220811,75348,ohlc_220811,75348,0
ohlc_220812,71413,ohlc_220812,71413,0
ohlc_220815,69889,ohlc_220815,69889,0
ohlc_220816,68333,ohlc_220816,68333,0
ohlc_220817,76201,ohlc_220817,76201,0
ohlc_220818,58240,ohlc_220818,58240,0
ohlc_220819,72463,ohlc_220819,72463,0
ohlc_220822,85471,ohlc_220822,85471,0
ohlc_220823,65069,ohlc_220823,65069,0
ohlc_220824,66875,ohlc_220824,66875,0
ohlc_220825,67195,ohlc_220825,67195,0
ohlc_220826,97972,ohlc_220826,97972,0
ohlc_220829,88084,ohlc_220829,88084,0
ohlc_220830,90194,ohlc_220830,90194,0
ohlc_220831,83567,ohlc_220831,83567,0
ohlc_220901,85592,ohlc_220901,85592,0
ohlc_220902,92803,ohlc_220902,92803,0
ohlc_220906,88297,ohlc_220906,88297,0
ohlc_220907,85512,ohlc_220907,85512,0
ohlc_220908,80346,ohlc_220908,80346,0
ohlc_220909,84801,ohlc_220909,84801,0
ohlc_220912,84128,ohlc_220912,84128,0
ohlc_220913,101854,ohlc_220913,101854,0
ohlc_220914,87021,ohlc_220914,87021,0
ohlc_220915,91842,ohlc_220915,91842,0
ohlc_220916,92324,ohlc_220916,92324,0
ohlc_220919,82348,ohlc_220919,82348,0
ohlc_220920,81349,ohlc_220920,81349,0
ohlc_220921,93057,ohlc_220921,93057,0
ohlc_220922,90636,ohlc_220922,90636,0
ohlc_220923,107398,ohlc_220923,107398,0
ohlc_220926,96584,ohlc_220926,96584,0
ohlc_220927,96843,ohlc_220927,96843,0
ohlc_220928,98431,ohlc_220928,98431,0
ohlc_220929,93784,ohlc_220929,93784,0
ohlc_220930,96345,ohlc_220930,96345,0
ohlc_221003,95637,ohlc_221003,95637,0
ohlc_221004,98103,ohlc_221004,98103,0
ohlc_221005,91779,ohlc_221005,91779,0
ohlc_221006,82536,ohlc_221006,82536,0
ohlc_221007,97833,ohlc_221007,97833,0
ohlc_221010,86860,ohlc_221010,86860,0
ohlc_221011,92118,ohlc_221011,92118,0
ohlc_221012,80681,ohlc_221012,80681,0
ohlc_221013,116668,ohlc_221013,116668,0
ohlc_221014,96307,ohlc_221014,96307,0
ohlc_221017,89528,ohlc_221017,89528,0
ohlc_221018,99353,ohlc_221018,99353,0
ohlc_221019,86498,ohlc_221019,86498,0
ohlc_221020,86787,ohlc_221020,86787,0
ohlc_221021,99773,ohlc_221021,99773,0
ohlc_221024,100651,ohlc_221024,100651,0
ohlc_221025,89637,ohlc_221025,89637,0
ohlc_221026,93101,ohlc_221026,93101,0
ohlc_221027,81012,ohlc_221027,81012,0
ohlc_221028,92325,ohlc_221028,92325,0
ohlc_221031,83704,ohlc_221031,83704,0
ohlc_221101,77193,ohlc_221101,77193,0
ohlc_221102,93376,ohlc_221102,93376,0
ohlc_221103,87939,ohlc_221103,87939,0
ohlc_221104,97857,ohlc_221104,97857,0
ohlc_221107,81502,ohlc_221107,81502,0
ohlc_221108,91861,ohlc_221108,91861,0
ohlc_221109,87951,ohlc_221109,87951,0
ohlc_221110,108775,ohlc_221110,108775,0
ohlc_221111,90795,ohlc_221111,90795,0
ohlc_221114,83400,ohlc_221114,83400,0
ohlc_221115,91164,ohlc_221115,91164,0
ohlc_221116,74193,ohlc_221116,74193,0
ohlc_221117,81479,ohlc_221117,81479,0
ohlc_221118,80686,ohlc_221118,80686,0
ohlc_221121,78078,ohlc_221121,78078,0
ohlc_221122,76108,ohlc_221122,76108,0
ohlc_221123,76482,ohlc_221123,76482,0
ohlc_221125,37296,ohlc_221125,37296,0
ohlc_221128,82241,ohlc_221128,82241,0
ohlc_221129,72638,ohlc_221129,72638,0
ohlc_221130,98834,ohlc_221130,98834,0
ohlc_221201,84703,ohlc_221201,84703,0
ohlc_221202,84209,ohlc_221202,84209,0
ohlc_221205,90219,ohlc_221205,90219,0
ohlc_221206,96479,ohlc_221206,96479,0
ohlc_221207,82657,ohlc_221207,82657,0
ohlc_221208,71401,ohlc_221208,71401,0
ohlc_221209,72365,ohlc_221209,72365,0
ohlc_221212,78992,ohlc_221212,78992,0
ohlc_221213,105548,ohlc_221213,105548,0
ohlc_221214,89189,ohlc_221214,89189,0
ohlc_221215,97694,ohlc_221215,97694,0
ohlc_221216,92302,ohlc_221216,92302,0
ohlc_221219,82386,ohlc_221219,82386,0
ohlc_221220,76343,ohlc_221220,76343,0
ohlc_221221,79131,ohlc_221221,79131,0
ohlc_221222,94660,ohlc_221222,94660,0
ohlc_221223,72294,ohlc_221223,72294,0
ohlc_221227,71140,ohlc_221227,71140,0
ohlc_221228,80073,ohlc_221228,80073,0
ohlc_221229,69986,ohlc_221229,69986,0
ohlc_221230,71005,ohlc_221230,71005,0
ohlc_230103,88556,ohlc_230103,88556,0
ohlc_230104,87588,ohlc_230104,87588,0
ohlc_230105,77174,ohlc_230105,77174,0
ohlc_230106,99248,ohlc_230106,99248,0
ohlc_230109,93083,ohlc_230109,93083,0
ohlc_230110,75312,ohlc_230110,75312,0
ohlc_230111,83995,ohlc_230111,83995,0
ohlc_230112,94361,ohlc_230112,94361,0
ohlc_230113,79064,ohlc_230113,79064,0
ohlc_230117,72342,ohlc_230117,72342,0
ohlc_230118,90427,ohlc_230118,90427,0
ohlc_230119,84121,ohlc_230119,84121,0
ohlc_230120,86719,ohlc_230120,86719,0
ohlc_230123,97896,ohlc_230123,97896,0
ohlc_230124,72567,ohlc_230124,72567,0
ohlc_230125,92293,ohlc_230125,92293,0
ohlc_230126,86469,ohlc_230126,86469,0
ohlc_230127,90974,ohlc_230127,90974,0
ohlc_230130,87260,ohlc_230130,87260,0
ohlc_230131,77527,ohlc_230131,77527,0
ohlc_230201,98580,ohlc_230201,98580,0
ohlc_230202,101754,ohlc_230202,101754,0
ohlc_230203,92457,ohlc_230203,92457,0
ohlc_230206,81035,ohlc_230206,81035,0
ohlc_230207,91856,ohlc_230207,91856,0
ohlc_230208,85872,ohlc_230208,85872,0
ohlc_230209,87596,ohlc_230209,87596,0
ohlc_230210,88605,ohlc_230210,88605,0
ohlc_230213,81996,ohlc_230213,81996,0
ohlc_230214,101198,ohlc_230214,101198,0
ohlc_230215,78291,ohlc_230215,78291,0
ohlc_230216,82607,ohlc_230216,82607,0
ohlc_230217,93331,ohlc_230217,93331,0
ohlc_230221,97857,ohlc_230221,97857,0
ohlc_230222,86638,ohlc_230222,86638,0
ohlc_230223,86657,ohlc_230223,86657,0
ohlc_230224,91517,ohlc_230224,91517,0
ohlc_230227,84831,ohlc_230227,84831,0
ohlc_230228,79626,ohlc_230228,79626,0
ohlc_230301,86168,ohlc_230301,86168,0
ohlc_230302,85565,ohlc_230302,85565,0
ohlc_230303,95871,ohlc_230303,95871,0
ohlc_230306,89993,ohlc_230306,89993,0
ohlc_230307,96602,ohlc_230307,96602,0
ohlc_230308,81952,ohlc_230308,81952,0
ohlc_230309,102726,ohlc_230309,102726,0
ohlc_230310,129303,ohlc_230310,129303,0
ohlc_230313,123227,ohlc_230313,123227,0
ohlc_230314,111480,ohlc_230314,111480,0
ohlc_230315,112784,ohlc_230315,112784,0
ohlc_230316,102304,ohlc_230316,102304,0
ohlc_230317,99047,ohlc_230317,99047,0
ohlc_230320,95807,ohlc_230320,95807,0
ohlc_230321,93748,ohlc_230321,93748,0
ohlc_230322,99436,ohlc_230322,99436,0
ohlc_230323,101108,ohlc_230323,101108,0
ohlc_230324,98365,ohlc_230324,98365,0
ohlc_230327,89275,ohlc_230327,89275,0
ohlc_230328,76325,ohlc_230328,76325,0
ohlc_230329,80842,ohlc_230329,80842,0
ohlc_230330,78495,ohlc_230330,78495,0
ohlc_230331,88797,ohlc_230331,88797,0
ohlc_230403,81635,ohlc_230403,81635,0
ohlc_230404,74974,ohlc_230404,74974,0
ohlc_230405,68392,ohlc_230405,68392,0
ohlc_230406,76295,ohlc_230406,76295,0
ohlc_230410,75835,ohlc_230410,75835,0
ohlc_230411,65565,ohlc_230411,65565,0
ohlc_230412,85311,ohlc_230412,85311,0
ohlc_230413,78846,ohlc_230413,78846,0
ohlc_230414,82318,ohlc_230414,82318,0
ohlc_230417,76034,ohlc_230417,76034,0
ohlc_230418,67980,ohlc_230418,67980,0
ohlc_230419,63963,ohlc_230419,63963,0
ohlc_230420,75861,ohlc_230420,75861,0
ohlc_230421,74082,ohlc_230421,74082,0
ohlc_230424,73818,ohlc_230424,73818,0
ohlc_230425,95506,ohlc_230425,95506,0
ohlc_230426,88662,ohlc_230426,88662,0
ohlc_230427,89649,ohlc_230427,89649,0
ohlc_230428,90660,ohlc_230428,90660,0
ohlc_230501,78640,ohlc_230501,78640,0
ohlc_230502,98937,ohlc_230502,98937,0
ohlc_230503,86772,ohlc_230503,86772,0
ohlc_230504,96553,ohlc_230504,96553,0
ohlc_230505,93470,ohlc_230505,93470,0
ohlc_230508,72628,ohlc_230508,72628,0
ohlc_230509,62968,ohlc_230509,62968,0
ohlc_230510,92029,ohlc_230510,92029,0
ohlc_230511,72813,ohlc_230511,72813,0
ohlc_230512,88813,ohlc_230512,88813,0
ohlc_230515,83058,ohlc_230515,83058,0
ohlc_230516,72365,ohlc_230516,72365,0
ohlc_230517,91301,ohlc_230517,91301,0
ohlc_230518,88803,ohlc_230518,88803,0
ohlc_230519,91441,ohlc_230519,91441,0
ohlc_230522,77701,ohlc_230522,77701,0
ohlc_230523,85713,ohlc_230523,85713,0
ohlc_230524,95642,ohlc_230524,95642,0
ohlc_230525,74826,ohlc_230525,74826,0
ohlc_230526,91285,ohlc_230526,91285,0
ohlc_230530,85437,ohlc_230530,85437,0
ohlc_230531,81527,ohlc_230531,81527,0
ohlc_230601,88474,ohlc_230601,88474,0
ohlc_230602,103222,ohlc_230602,103222,0
ohlc_230605,84651,ohlc_230605,84651,0
ohlc_230606,71245,ohlc_230606,71245,0
ohlc_230607,75444,ohlc_230607,75444,0
ohlc_230608,69109,ohlc_230608,69109,0
ohlc_230609,81341,ohlc_230609,81341,0
ohlc_230612,84502,ohlc_230612,84502,0
ohlc_230613,90631,ohlc_230613,90631,0
ohlc_230614,89835,ohlc_230614,89835,0
ohlc_230615,97887,ohlc_230615,97887,0
ohlc_230616,86539,ohlc_230616,86539,0
ohlc_230620,82161,ohlc_230620,82161,0
ohlc_230621,78785,ohlc_230621,78785,0
ohlc_230622,67357,ohlc_230622,67357,0
ohlc_230623,75957,ohlc_230623,75957,0
ohlc_230626,76895,ohlc_230626,76895,0
ohlc_230627,80894,ohlc_230627,80894,0
ohlc_230628,71650,ohlc_230628,71650,0
ohlc_230629,68451,ohlc_230629,68451,0
ohlc_230630,95706,ohlc_230630,95706,0
ohlc_230703,37524,ohlc_230703,37524,0
ohlc_230705,62402,ohlc_230705,62402,0
ohlc_230706,81427,ohlc_230706,81427,0
ohlc_230707,78401,ohlc_230707,78401,0
ohlc_230710,66893,ohlc_230710,66893,0
ohlc_230711,64389,ohlc_230711,64389,0
ohlc_230712,83778,ohlc_230712,83778,0
ohlc_230713,77334,ohlc_230713,77334,0
ohlc_230714,75396,ohlc_230714,75396,0
ohlc_230717,69390,ohlc_230717,69390,0
ohlc_230718,78607,ohlc_230718,78607,0
ohlc_230719,76195,ohlc_230719,76195,0
ohlc_230720,69925,ohlc_230720,69925,0
ohlc_230721,68393,ohlc_230721,68393,0
ohlc_230724,64268,ohlc_230724,64268,0
ohlc_230725,63851,ohlc_230725,63851,0
ohlc_230726,70060,ohlc_230726,70060,0
ohlc_230727,90563,ohlc_230727,90563,0
ohlc_230728,78360,ohlc_230728,78360,0
ohlc_230731,66476,ohlc_230731,66476,0
ohlc_230801,60857,ohlc_230801,60857,0
ohlc_230802,90927,ohlc_230802,90927,0
ohlc_230803,75950,ohlc_230803,75950,0
ohlc_230804,89213,ohlc_230804,89213,0
ohlc_230807,75041,ohlc_230807,75041,0
ohlc_230808,77054,ohlc_230808,77054,0
ohlc_230809,78781,ohlc_230809,78781,0
ohlc_230810,88747,ohlc_230810,88747,0
ohlc_230811,78078,ohlc_230811,78078,0
ohlc_230814,74881,ohlc_230814,74881,0
ohlc_230815,78295,ohlc_230815,78295,0
ohlc_230816,85003,ohlc_230816,85003,0
ohlc_230817,87964,ohlc_230817,87964,0
ohlc_230818,91817,ohlc_230818,91817,0
ohlc_230821,83464,ohlc_230821,83464,0
ohlc_230822,69607,ohlc_230822,69607,0
ohlc_230823,79629,ohlc_230823,79629,0
ohlc_230824,82612,ohlc_230824,82612,0
ohlc_230825,90162,ohlc_230825,90162,0
ohlc_230828,77044,ohlc_230828,77044,0
ohlc_230829,96082,ohlc_230829,96082,0
ohlc_230830,80981,ohlc_230830,80981,0
ohlc_230831,69351,ohlc_230831,69351,0
ohlc_230901,71301,ohlc_230901,71301,0
ohlc_230905,67077,ohlc_230905,67077,0
ohlc_230906,85150,ohlc_230906,85150,0
ohlc_230907,65282,ohlc_230907,65282,0
ohlc_230908,68679,ohlc_230908,68679,0
ohlc_230911,66789,ohlc_230911,66789,0
ohlc_230912,64257,ohlc_230912,64257,0
ohlc_230913,66421,ohlc_230913,66421,0
ohlc_230914,71705,ohlc_230914,71705,0
ohlc_230915,85871,ohlc_230915,85871,0
ohlc_230918,65500,ohlc_230918,65500,0
ohlc_230919,73308,ohlc_230919,73308,0
ohlc_230920,75056,ohlc_230920,75056,0
ohlc_230921,96655,ohlc_230921,96655,0
ohlc_230922,89014,ohlc_230922,89014,0
ohlc_230925,82824,ohlc_230925,82824,0
ohlc_230926,94223,ohlc_230926,94223,0
ohlc_230927,97326,ohlc_230927,97326,0
ohlc_230928,81727,ohlc_230928,81727,0
ohlc_230929,92392,ohlc_230929,92392,0
ohlc_231002,86268,ohlc_231002,86268,0
ohlc_231003,96112,ohlc_231003,96112,0
ohlc_231004,84717,ohlc_231004,84717,0
ohlc_231005,73915,ohlc_231005,73915,0
ohlc_231006,105153,ohlc_231006,105153,0
ohlc_231009,87037,ohlc_231009,87037,0
ohlc_231010,95485,ohlc_231010,95485,0
ohlc_231011,78084,ohlc_231011,78084,0
ohlc_231012,86779,ohlc_231012,86779,0
ohlc_231013,94245,ohlc_231013,94245,0
ohlc_231016,82855,ohlc_231016,82855,0
ohlc_231017,80288,ohlc_231017,80288,0
ohlc_231018,89211,ohlc_231018,89211,0
ohlc_231019,93989,ohlc_231019,93989,0
ohlc_231020,104953,ohlc_231020,104953,0
ohlc_231023,97912,ohlc_231023,97912,0
ohlc_231024,80122,ohlc_231024,80122,0
ohlc_231025,92938,ohlc_231025,92938,0
ohlc_231026,101940,ohlc_231026,101940,0
ohlc_231027,98277,ohlc_231027,98277,0
ohlc_231030,88633,ohlc_231030,88633,0
ohlc_231031,78718,ohlc_231031,78718,0
ohlc_231101,90980,ohlc_231101,90980,0
ohlc_231102,96596,ohlc_231102,96596,0
ohlc_231103,99411,ohlc_231103,99411,0
ohlc_231106,77261,ohlc_231106,77261,0
ohlc_231107,75845,ohlc_231107,75845,0
ohlc_231108,73682,ohlc_231108,73682,0
ohlc_231109,78430,ohlc_231109,78430,0
ohlc_231110,94638,ohlc_231110,94638,0
ohlc_231113,77983,ohlc_231113,77983,0
ohlc_231114,105530,ohlc_231114,105530,0
ohlc_231115,77946,ohlc_231115,77946,0
ohlc_231116,68432,ohlc_231116,68432,0
ohlc_231117,70073,ohlc_231117,70073,0
ohlc_231120,83542,ohlc_231120,83542,0
ohlc_231121,61937,ohlc_231121,61937,0
ohlc_231122,68613,ohlc_231122,68613,0
ohlc_231124,36756,ohlc_231124,36756,0
ohlc_231127,64187,ohlc_231127,64187,0
ohlc_231128,66393,ohlc_231128,66393,0
ohlc_231129,72604,ohlc_231129,72604,0
ohlc_231130,67927,ohlc_231130,67927,0
ohlc_231201,84994,ohlc_231201,84994,0
ohlc_231204,76262,ohlc_231204,76262,0
ohlc_231205,64271,ohlc_231205,64271,0
ohlc_231206,70439,ohlc_231206,70439,0
ohlc_231207,66678,ohlc_231207,66678,0
ohlc_231208,82535,ohlc_231208,82535,0
ohlc_231211,74813,ohlc_231211,74813,0
ohlc_231212,72891,ohlc_231212,72891,0
ohlc_231213,93028,ohlc_231213,93028,0
ohlc_231214,93932,ohlc_231214,93932,0
ohlc_231215,77770,ohlc_231215,77770,0
ohlc_231218,75100,ohlc_231218,75100,0
ohlc_231219,70347,ohlc_231219,70347,0
ohlc_231220,86530,ohlc_231220,86530,0
ohlc_231221,77080,ohlc_231221,77080,0
ohlc_231222,73089,ohlc_231222,73089,0
ohlc_231226,64365,ohlc_231226,64365,0
ohlc_231227,67222,ohlc_231227,67222,0
ohlc_231228,58816,ohlc_231228,58816,0
ohlc_231229,75690,ohlc_231229,75690,0
ohlc_240102,80164,ohlc_240102,80164,0
ohlc_240103,76469,ohlc_240103,76469,0
ohlc_240104,68434,ohlc_240104,68434,0
ohlc_240105,82139,ohlc_240105,82139,0
ohlc_240108,88385,ohlc_240108,88385,0
ohlc_240109,68760,ohlc_240109,68760,0
ohlc_240110,76921,ohlc_240110,76921,0
ohlc_240111,80289,ohlc_240111,80289,0
ohlc_240112,74611,ohlc_240112,74611,0
ohlc_240116,78781,ohlc_240116,78781,0
ohlc_240117,80744,ohlc_240117,80744,0
ohlc_240118,77515,ohlc_240118,77515,0
ohlc_240119,101336,ohlc_240119,101336,0
ohlc_240122,82883,ohlc_240122,82883,0
ohlc_240123,67178,ohlc_240123,67178,0
ohlc_240124,87997,ohlc_240124,87997,0
ohlc_240125,69006,ohlc_240125,69006,0
ohlc_240126,73810,ohlc_240126,73810,0
ohlc_240129,75052,ohlc_240129,75052,0
ohlc_240130,66628,ohlc_240130,66628,0
ohlc_240131,91548,ohlc_240131,91548,0
ohlc_240201,81331,ohlc_240201,81331,0
ohlc_240202,100027,ohlc_240202,100027,0
ohlc_240205,84042,ohlc_240205,84042,0
ohlc_240206,67340,ohlc_240206,67340,0
ohlc_240207,84344,ohlc_240207,84344,0
ohlc_240208,61337,ohlc_240208,61337,0
ohlc_240209,80677,ohlc_240209,80677,0
ohlc_240212,82407,ohlc_240212,82407,0
ohlc_240213,103089,ohlc_240213,103089,0
ohlc_240214,80236,ohlc_240214,80236,0
ohlc_240215,74393,ohlc_240215,74393,0
ohlc_240216,81087,ohlc_240216,81087,0
ohlc_240220,85671,ohlc_240220,85671,0
ohlc_240221,75130,ohlc_240221,75130,0
ohlc_240222,99088,ohlc_240222,99088,0
ohlc_240223,82165,ohlc_240223,82165,0
ohlc_240226,71730,ohlc_240226,71730,0
ohlc_240227,65111,ohlc_240227,65111,0
ohlc_240228,66092,ohlc_240228,66092,0
ohlc_240229,73346,ohlc_240229,73346,0
ohlc_240301,91029,ohlc_240301,91029,0
ohlc_240304,71879,ohlc_240304,71879,0
ohlc_240305,92996,ohlc_240305,92996,0
ohlc_240306,82825,ohlc_240306,82825,0
ohlc_240307,80642,ohlc_240307,80642,0
ohlc_240308,99266,ohlc_240308,99266,0
ohlc_240311,79816,ohlc_240311,79816,0
ohlc_240312,87993,ohlc_240312,87993,0
ohlc_240313,69241,ohlc_240313,69241,0
ohlc_240314,82644,ohlc_240314,82644,0
ohlc_240315,85606,ohlc_240315,85606,0
ohlc_240318,76415,ohlc_240318,76415,0
ohlc_240319,71885,ohlc_240319,71885,0
ohlc_240320,88547,ohlc_240320,88547,0
ohlc_240321,79597,ohlc_240321,79597,0
ohlc_240322,68919,ohlc_240322,68919,0
ohlc_240325,65900,ohlc_240325,65900,0
ohlc_240326,60451,ohlc_240326,60451,0
ohlc_240327,67771,ohlc_240327,67771,0
ohlc_240328,69866,ohlc_240328,69866,0
ohlc_240401,72155,ohlc_240401,72155,0
ohlc_240402,77717,ohlc_240402,77717,0
ohlc_240403,70040,ohlc_240403,70040,0
ohlc_240404,94312,ohlc_240404,94312,0
ohlc_240405,95625,ohlc_240405,95625,0
ohlc_240408,73223,ohlc_240408,73223,0
ohlc_240409,82161,ohlc_240409,82161,0
ohlc_240410,94839,ohlc_240410,94839,0
ohlc_240411,87509,ohlc_240411,87509,0
ohlc_240412,110173,ohlc_240412,110173,0
ohlc_240415,116935,ohlc_240415,116935,0
ohlc_240416,93398,ohlc_240416,93398,0
ohlc_240417,99296,ohlc_240417,99296,0
ohlc_240418,86312,ohlc_240418,86312,0
ohlc_240419,105836,ohlc_240419,105836,0
ohlc_240422,100210,ohlc_240422,100210,0
ohlc_240423,86364,ohlc_240423,86364,0
ohlc_240424,81572,ohlc_240424,81572,0
ohlc_240425,90487,ohlc_240425,90487,0
ohlc_240426,85729,ohlc_240426,85729,0
ohlc_240429,76256,ohlc_240429,76256,0
ohlc_240430,89922,ohlc_240430,89922,0
ohlc_240501,94812,ohlc_240501,94812,0
ohlc_240502,79971,ohlc_240502,79971,0
ohlc_240503,90570,ohlc_240503,90570,0
ohlc_240506,79359,ohlc_240506,79359,0
ohlc_240507,73751,ohlc_240507,73751,0
ohlc_240508,66254,ohlc_240508,66254,0
ohlc_240509,70402,ohlc_240509,70402,0
ohlc_240510,75162,ohlc_240510,75162,0
ohlc_240513,63843,ohlc_240513,63843,0
ohlc_240514,68252,ohlc_240514,68252,0
ohlc_240515,92269,ohlc_240515,92269,0
ohlc_240516,69369,ohlc_240516,69369,0
ohlc_240517,67053,ohlc_240517,67053,0
ohlc_240520,68824,ohlc_240520,68824,0
ohlc_240521,55702,ohlc_240521,55702,0
ohlc_240522,68510,ohlc_240522,68510,0
ohlc_240523,87234,ohlc_240523,87234,0
ohlc_240524,71264,ohlc_240524,71264,0
ohlc_240528,67918,ohlc_240528,67918,0
ohlc_240529,70277,ohlc_240529,70277,0
ohlc_240530,72064,ohlc_240530,72064,0
ohlc_240531,93544,ohlc_240531,93544,0
ohlc_240603,87733,ohlc_240603,87733,0
ohlc_240604,74809,ohlc_240604,74809,0
ohlc_240605,90184,ohlc_240605,90184,0
ohlc_240606,68845,ohlc_240606,68845,0
ohlc_240607,81320,ohlc_240607,81320,0
ohlc_240610,68962,ohlc_240610,68962,0
ohlc_240611,70641,ohlc_240611,70641,0
ohlc_240612,98672,ohlc_240612,98672,0
ohlc_240613,72523,ohlc_240613,72523,0
ohlc_240614,71525,ohlc_240614,71525,0
ohlc_240617,89589,ohlc_240617,89589,0
ohlc_240618,71915,ohlc_240618,71915,0
ohlc_240620,80390,ohlc_240620,80390,0
ohlc_240621,76477,ohlc_240621,76477,0
ohlc_240624,74258,ohlc_240624,74258,0
ohlc_240625,62103,ohlc_240625,62103,0
ohlc_240626,62977,ohlc_240626,62977,0
ohlc_240627,61117,ohlc_240627,61117,0
ohlc_240628,85435,ohlc_240628,85435,0
ohlc_240701,73182,ohlc_240701,73182,0
ohlc_240702,69569,ohlc_240702,69569,0
ohlc_240703,46183,ohlc_240703,46183,0
ohlc_240705,84701,ohlc_240705,84701,0
ohlc_240708,69141,ohlc_240708,69141,0
ohlc_240709,60509,ohlc_240709,60509,0
ohlc_240710,80370,ohlc_240710,80370,0
ohlc_240711,82368,ohlc_240711,82368,0
ohlc_240712,92970,ohlc_240712,92970,0
ohlc_240715,82564,ohlc_240715,82564,0
ohlc_240716,0,ohlc_240716,69749,-69749
ohlc_240717,85813,ohlc_240717,85813,0
ohlc_240718,97357,ohlc_240718,97357,0
ohlc_240719,94838,ohlc_240719,94838,0
ohlc_240722,88393,ohlc_240722,88393,0
ohlc_240723,69609,ohlc_240723,69609,0
ohlc_240724,114224,ohlc_240724,114224,0
ohlc_240725,88737,ohlc_240725,88737,0
ohlc_240726,90193,ohlc_240726,90193,0
ohlc_240729,76614,ohlc_240729,76614,0
ohlc_240730,87087,ohlc_240730,87087,0
ohlc_240731,93992,ohlc_240731,93992,0
ohlc_240801,111332,ohlc_240801,111332,0
ohlc_240802,0,ohlc_240802,126670,-126670
ohlc_240805,131883,ohlc_240805,131883,0
ohlc_240806,107784,ohlc_240806,107784,0
ohlc_240807,108463,ohlc_240807,108463,0
ohlc_240808,96548,ohlc_240808,96548,0
ohlc_240809,89213,ohlc_240809,89213,0
ohlc_240812,86039,ohlc_240812,86039,0
ohlc_240813,89677,ohlc_240813,89677,0
ohlc_240814,85015,ohlc_240814,85015,0
ohlc_240815,91344,ohlc_240815,91344,0
ohlc_240816,78790,ohlc_240816,78790,0
ohlc_240819,82659,ohlc_240819,82659,0
ohlc_240820,73976,ohlc_240820,73976,0
ohlc_240821,75993,ohlc_240821,75993,0
ohlc_240822,83786,ohlc_240822,83786,0
ohlc_240823,93403,ohlc_240823,93403,0
ohlc_240826,75837,ohlc_240826,75837,0
ohlc_240827,63035,ohlc_240827,63035,0
ohlc_240828,0,ohlc_240828,79685,-79685
ohlc_240829,78594,ohlc_240829,78594,0
ohlc_240830,81476,ohlc_240830,81476,0
ohlc_240903,103995,ohlc_240903,103995,0
ohlc_240904,86819,ohlc_240904,86819,0
ohlc_240905,83705,ohlc_240905,83705,0
ohlc_240906,117022,ohlc_240906,117022,0
ohlc_240909,88093,ohlc_240909,88093,0
ohlc_240910,77942,ohlc_240910,77942,0
ohlc_240911,109717,ohlc_240911,109717,0
ohlc_240912,90348,ohlc_240912,90348,0
ohlc_240913,86219,ohlc_240913,86219,0
ohlc_240916,72198,ohlc_240916,72198,0
ohlc_240917,80367,ohlc_240917,80367,0
ohlc_240918,92208,ohlc_240918,92208,0
ohlc_240919,0,ohlc_240919,91368,-91368
ohlc_240920,83563,ohlc_240920,83563,0
ohlc_240923,73678,ohlc_240923,73678,0
ohlc_240924,70644,ohlc_240924,70644,0
ohlc_240925,68725,ohlc_240925,68725,0
ohlc_240926,72641,ohlc_240926,72641,0
ohlc_240927,76560,ohlc_240927,76560,0
ohlc_240930,81559,ohlc_240930,81559,0
ohlc_241001,98528,ohlc_241001,98528,0
ohlc_241002,78970,ohlc_241002,78970,0
ohlc_241003,79714,ohlc_241003,79714,0
ohlc_241004,94073,ohlc_241004,94073,0
ohlc_241007,87167,ohlc_241007,87167,0
ohlc_241008,75438,ohlc_241008,75438,0
ohlc_241009,86353,ohlc_241009,86353,0
ohlc_241010,75123,ohlc_241010,75123,0
ohlc_241011,92017,ohlc_241011,92017,0
ohlc_241014,86366,ohlc_241014,86366,0
ohlc_241015,80426,ohlc_241015,80426,0
ohlc_241016,71254,ohlc_241016,71254,0
ohlc_241017,72697,ohlc_241017,72697,0
ohlc_241018,81961,ohlc_241018,81961,0
ohlc_241021,78779,ohlc_241021,78779,0
ohlc_241022,71342,ohlc_241022,71342,0
ohlc_241023,99888,ohlc_241023,99888,0
ohlc_241024,73330,ohlc_241024,73330,0
ohlc_241025,98730,ohlc_241025,98730,0
ohlc_241028,73930,ohlc_241028,73930,0
ohlc_241029,70635,ohlc_241029,70635,0
ohlc_241030,72312,ohlc_241030,72312,0
ohlc_241031,100344,ohlc_241031,100344,0
ohlc_241101,90397,ohlc_241101,90397,0
ohlc_241104,80369,ohlc_241104,80369,0
ohlc_241105,78218,ohlc_241105,78218,0
ohlc_241106,100299,ohlc_241106,100299,0
ohlc_241107,83233,ohlc_241107,83233,0
ohlc_241108,85634,ohlc_241108,85634,0
ohlc_241111,74358,ohlc_241111,74358,0
ohlc_241112,74848,ohlc_241112,74848,0
ohlc_241113,76335,ohlc_241113,76335,0
ohlc_241114,77499,ohlc_241114,77499,0
ohlc_241115,113135,ohlc_241115,113135,0
ohlc_241118,77733,ohlc_241118,77733,0
ohlc_241119,80909,ohlc_241119,80909,0
ohlc_241120,88095,ohlc_241120,88095,0
ohlc_241121,89999,ohlc_241121,89999,0
ohlc_241122,85690,ohlc_241122,85690,0
ohlc_241125,84612,ohlc_241125,84612,0
ohlc_241126,70417,ohlc_241126,70417,0
ohlc_241127,74005,ohlc_241127,74005,0
ohlc_241129,53367,ohlc_241129,53367,0
ohlc_241202,73851,ohlc_241202,73851,0
ohlc_241203,66512,ohlc_241203,66512,0
ohlc_241204,74748,ohlc_241204,74748,0
ohlc_241205,68469,ohlc_241205,68469,0
ohlc_241206,82785,ohlc_241206,82785,0
ohlc_241209,79420,ohlc_241209,79420,0
ohlc_241210,69606,ohlc_241210,69606,0
ohlc_241211,72633,ohlc_241211,72633,0
ohlc_241212,66986,ohlc_241212,66986,0
ohlc_241213,84004,ohlc_241213,84004,0
ohlc_241216,71449,ohlc_241216,71449,0
ohlc_241217,70632,ohlc_241217,70632,0
ohlc_241218,109663,ohlc_241218,109663,0
ohlc_241219,111310,ohlc_241219,111310,0
ohlc_241220,116044,ohlc_241220,116044,0
ohlc_241223,89476,ohlc_241223,89476,0
ohlc_241224,58358,ohlc_241224,58358,0
ohlc_241226,76329,ohlc_241226,76329,0
ohlc_241227,105593,ohlc_241227,105593,0
ohlc_241230,101121,ohlc_241230,101121,0
ohlc_241231,88373,ohlc_241231,88373,0
ohlc_250102,99949,ohlc_250102,99949,0
ohlc_250103,90477,ohlc_250103,90477,0
ohlc_250106,99798,ohlc_250106,99798,0
ohlc_250107,102112,ohlc_250107,102112,0
ohlc_250108,103286,ohlc_250108,103286,0
ohlc_250110,114451,ohlc_250110,114451,0
ohlc_250113,96606,ohlc_250113,96606,0
ohlc_250114,93377,ohlc_250114,93377,0
ohlc_250115,98109,ohlc_250115,98109,0
ohlc_250116,79188,ohlc_250116,79188,0
ohlc_250117,94417,ohlc_250117,94417,0
ohlc_250121,91825,ohlc_250121,91825,0
ohlc_250122,89929,ohlc_250122,89929,0
ohlc_250123,73971,ohlc_250123,73971,0
ohlc_250124,93834,ohlc_250124,93834,0
ohlc_250127,110591,ohlc_250127,110591,0
ohlc_250128,88916,ohlc_250128,88916,0
ohlc_250129,91239,ohlc_250129,91239,0
ohlc_250130,85545,ohlc_250130,85545,0
ohlc_250131,115143,ohlc_250131,115143,0
ohlc_250203,121635,ohlc_250203,121635,0
ohlc_250204,85614,ohlc_250204,85614,0
ohlc_250205,85866,ohlc_250205,85866,0
ohlc_250206,78470,ohlc_250206,78470,0
ohlc_250207,114983,ohlc_250207,114983,0
ohlc_250210,80598,ohlc_250210,80598,0
ohlc_250211,73889,ohlc_250211,73889,0
ohlc_250212,91999,ohlc_250212,91999,0
ohlc_250213,91771,ohlc_250213,91771,0
ohlc_250214,79550,ohlc_250214,79550,0
ohlc_250218,78786,ohlc_250218,78786,0
ohlc_250219,81427,ohlc_250219,81427,0
ohlc_250220,87683,ohlc_250220,87683,0
ohlc_250221,135502,ohlc_250221,135502,0
ohlc_250224,107483,ohlc_250224,107483,0
ohlc_250225,118961,ohlc_250225,118961,0
ohlc_250226,103448,ohlc_250226,103448,0
ohlc_250227,121622,ohlc_250227,121622,0
ohlc_250228,126168,ohlc_250228,126168,0
ohlc_250303,130058,ohlc_250303,130058,0
ohlc_250304,147869,ohlc_250304,147869,0
ohlc_250305,125607,ohlc_250305,125607,0
ohlc_250306,132144,ohlc_250306,132144,0
ohlc_250307,137696,ohlc_250307,137696,0
ohlc_250310,151713,ohlc_250310,151713,0
ohlc_250311,138294,ohlc_250311,138294,0
ohlc_250312,116970,ohlc_250312,116970,0
ohlc_250313,118050,ohlc_250313,118050,0
ohlc_250314,113336,ohlc_250314,113336,0
ohlc_250317,104927,ohlc_250317,104927,0
ohlc_250318,96224,ohlc_250318,96224,0
ohlc_250319,105870,ohlc_250319,105870,0
ohlc_250320,97118,ohlc_250320,97118,0
ohlc_250321,102592,ohlc_250321,102592,0
ohlc_250324,104959,ohlc_250324,104959,0
ohlc_250325,85150,ohlc_250325,85150,0
ohlc_250326,105475,ohlc_250326,105475,0
ohlc_250327,95881,ohlc_250327,95881,0
ohlc_250328,134433,ohlc_250328,134433,0
ohlc_250331,131410,ohlc_250331,131410,0
ohlc_250401,110537,ohlc_250401,110537,0
ohlc_250402,118036,ohlc_250402,118036,0
ohlc_250403,142424,ohlc_250403,142424,0
ohlc_250404,168114,ohlc_250404,168114,0
ohlc_250407,164477,ohlc_250407,164477,0
ohlc_250408,168315,ohlc_250408,168315,0
ohlc_250409,194696,ohlc_250409,194696,0
ohlc_250410,178435,ohlc_250410,178435,0
ohlc_250411,150382,ohlc_250411,150382,0
ohlc_250414,128417,ohlc_250414,128417,0
ohlc_250415,102981,ohlc_250415,102981,0
ohlc_250416,123079,ohlc_250416,123079,0
ohlc_250417,107580,ohlc_250417,107580,0
ohlc_250421,127704,ohlc_250421,127704,0
ohlc_250422,124345,ohlc_250422,124345,0
ohlc_250423,136908,ohlc_250423,136908,0
ohlc_250424,118615,ohlc_250424,118615,0
ohlc_250425,113597,ohlc_250425,113597,0
ohlc_250428,109457,ohlc_250428,109457,0
ohlc_250429,102937,ohlc_250429,102937,0
ohlc_250430,120084,ohlc_250430,120084,0
ohlc_250501,109923,ohlc_250501,109923,0
ohlc_250502,110399,ohlc_250502,110399,0
ohlc_250505,93615,ohlc_250505,93615,0
ohlc_250506,93515,ohlc_250506,93515,0
ohlc_250507,102021,ohlc_250507,102021,0
ohlc_250508,108381,ohlc_250508,108381,0
ohlc_250509,95292,ohlc_250509,95292,0
ohlc_250512,110102,ohlc_250512,110102,0
ohlc_250513,107886,ohlc_250513,107886,0
ohlc_250514,91042,ohlc_250514,91042,0
ohlc_250515,93631,ohlc_250515,93631,0
ohlc_250516,101639,ohlc_250516,101639,0
ohlc_250519,99806,ohlc_250519,99806,0
ohlc_250520,88126,ohlc_250520,88126,0
ohlc_250521,114685,ohlc_250521,114685,0
ohlc_250522,94229,ohlc_250522,94229,0
ohlc_250523,104750,ohlc_250523,104750,0
ohlc_250527,99509,ohlc_250527,99509,0
ohlc_250528,87657,ohlc_250528,87657,0
ohlc_250529,95139,ohlc_250529,95139,0
ohlc_250530,109923,ohlc_250530,109923,0
ohlc_250602,97051,ohlc_250602,97051,0
ohlc_250603,94726,ohlc_250603,94726,0
ohlc_250604,83101,ohlc_250604,83101,0
ohlc_250605,98638,ohlc_250605,98638,0
ohlc_250606,98281,ohlc_250606,98281,0
ohlc_250609,84616,ohlc_250609,84616,0
ohlc_250610,86022,ohlc_250610,86022,0
ohlc_250611,102487,ohlc_250611,102487,0
ohlc_250612,89060,ohlc_250612,89060,0
ohlc_250613,121533,ohlc_250613,121533,0
ohlc_250616,99997,ohlc_250616,99997,0
ohlc_250617,97307,ohlc_250617,97307,0
ohlc_250618,93689,ohlc_250618,93689,0
ohlc_250620,115283,ohlc_250620,115283,0
ohlc_250623,120512,ohlc_250623,120512,0
ohlc_250624,110604,ohlc_250624,110604,0
ohlc_250625,88271,ohlc_250625,88271,0
ohlc_250626,97961,ohlc_250626,97961,0
ohlc_250627,117867,ohlc_250627,117867,0
ohlc_250630,97664,ohlc_250630,97664,0
